"","rainfall","PL BIC","Exp BIC","TPL BIC","PL expo","Exp trunc","TPL expo","TPL trunc"
"1",300,52384776.6321121,52343387.5994174,52025794.3149718,4.75845409366514,1.60915183057962,2.62556910023616,0.701526950081934
"2",400,354023906.794098,358360695.218437,351927185.592722,3.62974389722903,1.0329777559328,2.58365181602272,0.278573774207258
"3",500,1101305159.87582,1142902737.58129,1096323936.67278,2.897643317329,0.636964725000887,2.39619718190643,0.0961163217850043
"4",600,2319310611.57336,2509019932.60698,2311565993.93061,2.39433423634313,0.358401837113651,2.15308460649743,0.0279595744495214
"5",700,3674603006.81117,4235938848.06697,3665638027.76631,2.05354226751804,0.177368530632514,1.93226441777277,0.00683190614686579
"6",770,4235159883.12882,5253826612.45588,4228558610.72604,1.89885592231347,0.0975859807988662,1.84327159783765,0.00147457922342489
"7",800,4227520367.58959,5484473300.47821,4221213962.97376,1.85791260758485,0.073830474220526,1.83678284417268,1.49011611938477e-08
"8",850,3888284474.91253,5416968938.98551,3881045273.21677,1.82032010744192,0.0494657192119335,1.79521165160257,1.49011611938477e-08
"9",900,3056460412.68105,4033015732.77919,3051703103.45898,1.85069541842143,0.0677897089876661,1.828853117692,1.49011611938477e-08
