"","rainfall","PL","TPL","Exp","PL expo","Exp trunc","TPL expo","TPL trunc"
"1",300,383344.155130859,378371.355387707,388241.145551427,3.01341957215435,1.50563539088037,2.02557019571392,0.448566382995776
"2",400,940898.181219983,925544.431325697,964697.555233107,2.47105538763322,0.971036018824074,1.7403006098792,0.247655196390322
"3",500,1423491.17781975,1401836.0967726,1503841.32323601,2.15873820685011,0.636410434045151,1.66675119696228,0.115753142968388
"4",600,1661005.25393687,1640938.34686799,1841943.4123503,1.95355892234781,0.404915263299309,1.6410794214458,0.0464937764259197
"5",770,1260352.63263883,0,1697762.10044078,1.777432105824,0.155500469734531,0,0
